Workbook

Sheet OpenT_constipation
A1: gene_symbol_openTarget
A2: OPRM1
A3: HTR4
A4: CLCN2
A5: GUCY2C
A6: OPRK1
A7: OPRD1
A8: RXRA
A9: NCAM1
A10: SLC10A2
A11: GALNT13
A12: SLC9A3
... A479: HNRNPU

Sheet CTd_Constipation
A1: Gene Symbol_ctd
A2: OPRM1
A3: PON1
A4: GCG
A5: GPBAR1
A6: POMC
A7: CYP3A4
A8: ABCB1
A9: TNF
A10: CASP3
A11: CYP2D6
A12: SLC22A2
... A20529: CRELD2

Sheet check_constipation
A1: gene_symbol_openTarget | B1: Present_in_CTD?
A2: OPRM1 | B2: =IF(COUNTIF(CTd_Constipation!$A:$A, A2)>0, "Yes", "No") -> Yes
A3: HTR4 | B3: =IF(COUNTIF(CTd_Constipation!$A:$A, A3)>0, "Yes", "No") -> Yes
A4: CLCN2 | B4: =IF(COUNTIF(CTd_Constipation!$A:$A, A4)>0, "Yes", "No") -> No
A5: GUCY2C | B5: =IF(COUNTIF(CTd_Constipation!$A:$A, A5)>0, "Yes", "No") -> Yes
A6: OPRK1 | B6: =IF(COUNTIF(CTd_Constipation!$A:$A, A6)>0, "Yes", "No") -> Yes
A7: OPRD1 | B7: =IF(COUNTIF(CTd_Constipation!$A:$A, A7)>0, "Yes", "No") -> Yes
A8: RXRA | B8: =IF(COUNTIF(CTd_Constipation!$A:$A, A8)>0, "Yes", "No") -> Yes
A9: NCAM1 | B9: =IF(COUNTIF(CTd_Constipation!$A:$A, A9)>0, "Yes", "No") -> Yes
A10: SLC10A2 | B10: =IF(COUNTIF(CTd_Constipation!$A:$A, A10)>0, "Yes", "No") -> Yes
A11: GALNT13 | B11: =IF(COUNTIF(CTd_Constipation!$A:$A, A11)>0, "Yes", "No") -> Yes
A12: SLC9A3 | B12: =IF(COUNTIF(CTd_Constipation!$A:$A, A12)>0, "Yes", "No") -> Yes
A13: SLC12A2 | B13: =IF(COUNTIF(CTd_Constipation!$A:$A, A13)>0, "Yes", "No") -> Yes
... A479: HNRNPU | B479: =IF(COUNTIF(CTd_Constipation!$A:$A, A479)>0, "Yes", "No") -> Yes

Sheet highConfidence_constipation
A1: gene_symbol
A2: OPRM1
A3: HTR4
A4: GUCY2C
A5: OPRK1
A6: OPRD1
A7: RXRA
A8: NCAM1
A9: SLC10A2
A10: GALNT13
A11: SLC9A3
A12: SLC12A2
... A447: HNRNPU

Sheet OpenT_Depression
A1: Gene Symbol_openT
A2: IL6
A3: SOD1
A4: PTGS2
A5: NR3C1
A6: ALB
A7: GSK3B
A8: SLC6A4
A9: POMC
A10: CRH
A11: FGF2
A12: MIF
... A74876: ACSM3

Sheet Ctd_depression
A1: symbol | B1: globalScore
A2: DRD2 | B2: 0.73616553
A3: HTR2A | B3: 0.70232543
A4: GABRA1 | B4: 0.66599566
A5: GRIN2A | B5: 0.66357566
A6: SLC6A4 | B6: 0.64493704
A7: HTR1A | B7: 0.63385119
A8: SLC6A3 | B8: 0.63058077
A9: DRD3 | B9: 0.62216419
A10: SLC6A2 | B10: 0.62097474
A11: GSK3B | B11: 0.60891878
A12: HTR2C | B12: 0.60748468
A13: GABRG2 | B13: 0.60351669
... A6793: RMDN1 | B6793: 0.0014783194

Sheet Sheet4
A1: Gene Symbol
A2: IL6
A3: SOD1
A4: PTGS2
A5: NR3C1
A6: ALB
A7: GSK3B
A8: SLC6A4
A9: POMC
A10: CRH
A11: FGF2
A12: MIF
... A15377: PERP
